,open,high,low,close,complete,volume,time
0,132.507,134.564,132.507,134.281,True,7149.0,1514239200.000000000
1,134.261,134.973,134.2,134.75,True,12597.0,1514325600.000000000
2,134.705,134.981,134.464,134.832,True,11834.0,1514412000.000000000
3,134.849,135.516,134.544,135.229,True,12209.0,1514498400.000000000
4,135.236,135.634,134.938,135.406,True,15556.0,1514844000.000000000
5,135.399,135.508,134.806,135.162,True,14217.0,1514930400.000000000
6,135.18,136.367,135.128,136.077,True,15791.0,1515016800.000000000
7,136.068,136.637,135.994,136.013,True,15419.0,1515103200.000000000
8,136.078,136.322,135.13,135.34,True,12674.0,1515362400.000000000
9,135.355,135.477,134.054,134.468,True,16904.0,1515448800.000000000
10,134.468,134.56,133.082,133.137,True,26325.0,1515535200.000000000
11,133.137,134.352,133.06,133.868,True,24840.0,1515621600.000000000
12,133.841,135.552,133.826,135.388,True,28282.0,1515708000.000000000
13,135.476,135.99,135.024,135.564,True,24166.0,1515967200.000000000
14,135.597,136.1,134.981,135.424,True,26468.0,1516053600.000000000
15,135.447,135.984,135.158,135.611,True,31566.0,1516140000.000000000
16,135.622,136.312,135.464,135.986,True,23558.0,1516226400.000000000
17,135.897,136.049,135.186,135.413,True,22954.0,1516312800.000000000
18,135.685,136.147,135.35,136.025,True,17438.0,1516572000.000000000
19,135.999,136.216,135.205,135.66,True,23305.0,1516658400.000000000
20,135.691,135.691,134.92,135.514,True,30327.0,1516744800.000000000
21,135.534,136.293,135.046,135.642,True,53033.0,1516831200.000000000
22,135.648,136.141,134.542,134.997,True,37979.0,1516917600.000000000
23,135.095,135.344,134.327,134.92,True,25944.0,1517176800.000000000
24,134.914,135.206,134.132,134.913,True,29966.0,1517263200.000000000
25,134.925,136.051,134.856,135.532,True,32873.0,1517349600.000000000
26,135.526,136.962,135.468,136.831,True,28403.0,1517436000.000000000
27,136.9,137.506,136.67,137.242,True,33300.0,1517522400.000000000
28,137.034,137.198,134.932,134.938,True,42230.0,1517781600.000000000
29,134.961,135.794,133.979,135.606,True,68020.0,1517868000.000000000
30,135.571,135.852,133.824,134.098,True,39815.0,1517954400.000000000
31,134.104,134.798,132.94,133.184,True,54448.0,1518040800.000000000
32,133.178,134.174,131.988,133.311,True,63763.0,1518127200.000000000
33,133.359,133.651,132.903,133.552,True,30549.0,1518386400.000000000
34,133.538,133.792,132.524,133.176,True,33079.0,1518472800.000000000
35,133.169,133.388,131.608,133.232,True,46297.0,1518559200.000000000
36,133.19,133.294,132.516,132.711,True,40748.0,1518645600.000000000
37,132.711,133.104,131.816,131.921,True,37219.0,1518732000.000000000
38,131.878,132.376,131.812,132.256,True,19953.0,1518991200.000000000
39,132.242,132.512,132.122,132.42,True,25825.0,1519077600.000000000
40,132.42,133.057,132.269,132.388,True,31950.0,1519164000.000000000
41,132.402,132.403,131.29,131.636,True,28840.0,1519250400.000000000
42,131.62,131.852,130.938,131.411,True,22016.0,1519336800.000000000
43,131.795,131.795,131.083,131.72,True,24197.0,1519596000.000000000
44,131.707,132.186,131.276,131.304,True,27124.0,1519682400.000000000
45,131.318,131.518,130.046,130.082,True,26619.0,1519768800.000000000
46,130.082,130.793,129.764,130.328,True,40299.0,1519855200.000000000
47,130.278,130.442,129.568,130.249,True,34947.0,1519941600.000000000
48,130.116,131.014,129.353,131.004,True,32919.0,1520200800.000000000
49,131.004,132.016,130.601,131.633,True,29414.0,1520287200.000000000
50,131.691,131.748,130.927,131.644,True,33804.0,1520373600.000000000
51,131.664,131.982,130.518,130.764,True,31119.0,1520460000.000000000
52,130.746,131.896,130.71,131.441,True,28376.0,1520546400.000000000
53,131.34,131.698,130.97,131.266,True,19373.0,1520802000.000000000
54,131.308,132.432,131.114,132.049,True,26760.0,1520888400.000000000
55,132.049,132.282,131.026,131.502,True,24934.0,1520974800.000000000
56,131.474,131.54,130.566,130.839,True,27251.0,1521061200.000000000
57,130.881,130.917,130.078,130.25,True,22391.0,1521147600.000000000
58,130.132,131.072,129.611,130.878,True,27959.0,1521406800.000000000
59,130.878,131.72,130.346,130.419,True,25982.0,1521493200.000000000
60,130.419,131.066,130.194,130.848,True,28095.0,1521579600.000000000
61,130.87,131.02,129.5,129.514,True,39761.0,1521666000.000000000
62,129.564,129.977,128.95,129.405,True,44717.0,1521752400.000000000
63,129.309,131.378,129.257,131.174,True,27712.0,1522011600.000000000
64,131.214,131.816,130.582,130.647,True,28722.0,1522098000.000000000
65,130.625,131.71,130.592,131.483,True,36751.0,1522184400.000000000
66,131.504,131.606,130.616,130.906,True,24072.0,1522270800.000000000
67,130.928,131.083,130.616,130.95,True,8789.0,1522357200.000000000
68,130.911,131.294,129.982,130.275,True,20141.0,1522616400.000000000
69,130.275,130.922,129.99,130.796,True,26738.0,1522702800.000000000
70,130.821,131.196,130.234,131.104,True,27308.0,1522789200.000000000
71,131.114,131.498,131.066,131.438,True,22212.0,1522875600.000000000
72,131.466,131.622,131.09,131.332,True,33814.0,1522962000.000000000
73,131.408,131.996,131.111,131.556,True,21298.0,1523221200.000000000
74,131.55,132.622,131.427,132.458,True,27739.0,1523307600.000000000
75,132.48,132.611,132.032,132.082,True,20712.0,1523394000.000000000
76,132.082,132.342,131.806,132.315,True,21238.0,1523480400.000000000
77,132.293,132.898,132.176,132.375,True,18632.0,1523566800.000000000
78,132.593,132.972,132.118,132.602,True,16476.0,1523826000.000000000
79,132.627,132.77,132.111,132.37,True,15594.0,1523912400.000000000
80,132.386,132.908,132.344,132.692,True,16512.0,1523998800.000000000
81,132.7,133.092,132.356,132.563,True,19867.0,1524085200.000000000
82,132.572,132.976,132.043,132.286,True,19655.0,1524171600.000000000
83,132.323,132.787,132.11,132.71,True,18343.0,1524430800.000000000
84,132.716,133.486,132.616,133.122,True,19997.0,1524517200.000000000
85,133.108,133.34,132.918,133.068,True,19280.0,1524603600.000000000
86,133.09,133.254,132.292,132.306,True,23086.0,1524690000.000000000
87,132.306,132.397,131.888,132.28,True,18341.0,1524776400.000000000
88,132.209,132.544,131.863,132.067,True,15547.0,1525035600.000000000
89,132.061,132.137,131.575,131.786,True,15094.0,1525122000.000000000
90,131.797,132.115,131.26,131.306,True,22803.0,1525208400.000000000
91,131.328,131.668,130.271,130.918,True,24130.0,1525294800.000000000
92,130.924,130.958,129.897,130.489,True,19034.0,1525381200.000000000
93,130.482,130.594,129.958,130.07,True,13890.0,1525640400.000000000
94,130.028,130.123,129.236,129.474,True,18759.0,1525726800.000000000
95,129.452,130.486,129.36,130.056,True,18304.0,1525813200.000000000
96,130.05,130.766,129.98,130.358,True,24010.0,1525899600.000000000
97,130.358,130.687,130.003,130.602,True,15656.0,1525986000.000000000
98,130.558,131.376,130.537,130.778,True,13248.0,1526245200.000000000
99,130.772,131.138,130.443,130.639,True,19013.0,1526331600.000000000
100,130.639,130.696,129.533,130.346,True,21529.0,1526418000.000000000
101,130.335,130.848,130.239,130.653,True,19503.0,1526504400.000000000
102,130.644,131.126,130.244,130.369,True,15726.0,1526590800.000000000
103,130.513,131.006,130.378,130.936,True,14604.0,1526850000.000000000
104,130.919,131.35,130.602,130.625,True,16851.0,1526936400.000000000
105,130.67,130.67,128.236,128.758,True,33097.0,1527022800.000000000
106,128.749,128.877,127.72,128.029,True,32283.0,1527109200.000000000
107,128.023,128.53,127.152,127.438,True,29650.0,1527195600.000000000
108,128.228,128.539,126.862,127.198,True,24279.0,1527454800.000000000
109,127.186,127.281,124.622,125.514,True,54602.0,1527541200.000000000
110,125.493,127.322,124.988,127.031,True,50360.0,1527627600.000000000
111,127.003,127.728,126.33,127.234,True,45281.0,1527714000.000000000
112,127.227,128.138,127.13,127.688,True,37945.0,1527800400.000000000
113,127.688,128.69,127.643,128.47,True,23193.0,1528059600.000000000
114,128.445,128.701,127.794,128.664,True,24734.0,1528146000.000000000
115,128.614,129.828,128.61,129.737,True,26246.0,1528232400.000000000
116,129.743,130.278,129.308,129.432,True,24890.0,1528318800.000000000
117,129.432,129.73,128.116,128.915,True,28345.0,1528405200.000000000
118,128.759,130.058,128.717,129.672,True,20367.0,1528664400.000000000
119,129.672,130.276,129.508,129.642,True,28251.0,1528750800.000000000
120,129.615,130.348,129.607,130.127,True,22270.0,1528837200.000000000
121,130.099,130.356,127.915,127.974,True,32921.0,1528923600.000000000
122,128.01,128.501,127.704,128.448,True,30591.0,1529010000.000000000
123,128.272,128.499,127.816,128.494,True,17295.0,1529269200.000000000
124,128.5,128.517,126.643,127.572,True,38526.0,1529355600.000000000
125,127.564,127.936,127.095,127.745,True,30214.0,1529442000.000000000
126,127.705,128.034,126.994,127.604,True,41650.0,1529528400.000000000
127,127.62,128.605,127.517,128.205,True,31947.0,1529614800.000000000
128,128.149,128.839,127.286,128.463,True,37194.0,1529874000.000000000
129,128.485,128.498,127.8,128.177,True,35550.0,1529960400.000000000
130,128.177,128.346,127.261,127.4,True,43021.0,1530046800.000000000
131,127.38,127.924,127.144,127.827,True,44248.0,1530133200.000000000
132,127.834,129.47,127.678,129.354,True,48164.0,1530219600.000000000
133,129.174,129.501,128.419,129.062,True,30775.0,1530478800.000000000
134,129.04,129.564,128.732,128.933,True,32266.0,1530565200.000000000
135,128.95,128.987,128.504,128.806,True,22510.0,1530651600.000000000
136,128.818,129.632,128.578,129.364,True,30301.0,1530738000.000000000
137,129.279,129.968,129.246,129.75,True,29159.0,1530824400.000000000
138,129.727,130.258,129.666,130.247,True,24837.0,1531083600.000000000
139,130.26,130.744,130.1,130.387,True,21960.0,1531170000.000000000
140,130.32,130.96,129.914,130.752,True,36767.0,1531256400.000000000
141,130.736,131.478,130.672,131.326,True,27121.0,1531342800.000000000
142,131.32,131.532,130.809,131.302,True,24465.0,1531429200.000000000
143,131.187,131.7,131.116,131.498,True,21009.0,1531688400.000000000
144,131.498,131.986,131.452,131.637,True,27115.0,1531774800.000000000
145,131.63,131.776,130.882,131.33,True,24468.0,1531861200.000000000
146,131.34,131.433,130.73,130.936,True,35809.0,1531947600.000000000
147,130.968,131.21,130.551,130.622,True,43695.0,1532034000.000000000
148,130.613,130.747,129.863,130.196,True,23477.0,1532293200.000000000
149,130.204,130.38,129.745,129.924,True,22497.0,1532379600.000000000
150,129.885,130.269,129.412,130.158,True,28498.0,1532466000.000000000
151,130.198,130.279,129.446,129.508,True,24088.0,1532552400.000000000
152,129.508,129.534,129.131,129.436,True,18116.0,1532638800.000000000
153,129.308,130.074,129.286,130.003,True,13114.0,1532898000.000000000
154,129.986,131.151,129.708,130.789,True,28007.0,1532984400.000000000
155,130.812,131.104,130.032,130.255,True,20261.0,1533070800.000000000
156,130.246,130.291,129.255,129.352,True,18962.0,1533157200.000000000
157,129.395,129.536,128.642,128.693,True,19210.0,1533243600.000000000
158,128.705,128.882,128.508,128.702,True,11706.0,1533502800.000000000
159,128.717,129.232,128.598,129.179,True,11697.0,1533589200.000000000
160,129.188,129.458,128.562,128.822,True,13313.0,1533675600.000000000
161,128.896,129.008,128.042,128.051,True,14667.0,1533762000.000000000
162,128.062,128.119,126.012,126.508,True,45426.0,1533848400.000000000
163,125.643,126.782,125.15,126.336,True,43967.0,1534107600.000000000
164,126.319,126.992,125.81,126.092,True,29150.0,1534194000.000000000
165,126.12,126.372,124.902,125.64,True,31488.0,1534280400.000000000
166,125.628,126.492,125.286,126.156,True,33926.0,1534366800.000000000
167,126.156,126.61,125.58,126.41,True,26706.0,1534453200.000000000
168,126.558,126.558,126.08,126.384,True,19396.0,1534712400.000000000
169,126.384,128.056,126.264,127.604,True,26212.0,1534798800.000000000
170,127.57,128.28,127.351,128.204,True,24304.0,1534885200.000000000
171,128.129,128.768,127.922,128.462,True,22162.0,1534971600.000000000
172,128.405,129.416,128.39,129.29,True,21236.0,1535058000.000000000
173,129.308,129.835,128.797,129.717,True,16936.0,1535317200.000000000
174,129.74,130.274,129.647,130.039,True,17358.0,1535403600.000000000
175,130.058,130.85,129.586,130.74,True,21054.0,1535490000.000000000
176,130.761,130.867,129.42,129.528,True,23733.0,1535576400.000000000
177,129.467,129.844,128.562,128.904,True,25645.0,1535662800.000000000
178,128.945,129.151,128.577,129.075,True,13574.0,1535922000.000000000
179,129.061,129.198,128.322,129.101,True,21744.0,1536008400.000000000
180,129.008,129.98,128.604,129.702,True,26829.0,1536094800.000000000
181,129.709,129.838,128.499,128.716,True,26745.0,1536181200.000000000
182,128.726,129.106,128.022,128.308,True,30595.0,1536267600.000000000
183,128.275,129.073,127.866,128.856,True,17787.0,1536526800.000000000
184,128.841,129.825,128.772,129.52,True,18159.0,1536613200.000000000
185,129.505,129.812,128.939,129.352,True,22265.0,1536699600.000000000
186,129.423,130.941,129.26,130.848,True,20107.0,1536786000.000000000
187,130.86,131.116,130.182,130.262,True,19888.0,1536872400.000000000
188,130.244,131.044,130.102,130.68,True,13913.0,1537131600.000000000
189,130.689,131.5,130.3,131.102,True,26159.0,1537218000.000000000
190,131.075,131.684,130.782,131.054,True,20466.0,1537304400.000000000
191,131.098,132.518,130.912,132.48,True,23847.0,1537390800.000000000
192,132.488,133.128,132.159,132.275,True,21990.0,1537477200.000000000
193,132.094,133.071,131.906,132.523,True,18990.0,1537736400.000000000
194,132.534,133.112,132.372,132.929,True,19522.0,1537822800.000000000
195,132.917,133.12,132.234,132.358,True,22487.0,1537909200.000000000
196,132.364,132.679,131.577,132.004,True,28084.0,1537995600.000000000
197,132.004,132.308,131.184,131.926,True,23666.0,1538082000.000000000
198,132.151,132.462,131.741,131.943,True,18126.0,1538341200.000000000
199,131.889,131.998,130.716,131.275,True,22975.0,1538427600.000000000
200,131.223,131.979,130.97,131.471,True,30097.0,1538514000.000000000
201,131.357,131.579,130.749,131.181,True,31393.0,1538600400.000000000
202,131.145,131.418,130.604,131.006,True,31197.0,1538686800.000000000
203,131.148,131.248,129.513,130.12,True,21544.0,1538946000.000000000
204,130.026,130.229,129.344,129.812,True,32345.0,1539032400.000000000
205,129.826,130.502,129.302,129.328,True,33172.0,1539118800.000000000
206,129.356,130.214,129.212,130.033,True,59724.0,1539205200.000000000
207,129.943,130.5,129.36,129.704,True,35667.0,1539291600.000000000
208,129.447,129.796,129.126,129.424,True,26970.0,1539550800.000000000
209,129.378,130.296,129.366,129.942,True,22831.0,1539637200.000000000
210,129.97,130.158,129.174,129.55,True,26459.0,1539723600.000000000
211,129.556,129.732,128.324,128.486,True,33155.0,1539810000.000000000
212,128.486,129.686,128.464,129.586,True,33636.0,1539896400.000000000
213,129.672,130.203,129.203,129.36,True,27377.0,1540155600.000000000
214,129.366,129.38,128.217,128.982,True,33782.0,1540242000.000000000
215,128.975,129.218,127.773,127.872,True,41791.0,1540328400.000000000
216,127.866,128.442,127.497,127.87,True,40978.0,1540414800.000000000
217,127.887,127.896,126.636,127.591,True,53713.0,1540501200.000000000
218,127.462,128.236,127.252,127.808,True,36687.0,1540760400.000000000
219,127.8,128.438,127.74,128.292,True,30927.0,1540846800.000000000
220,128.344,128.546,127.66,127.78,True,26620.0,1540933200.000000000
221,127.82,128.766,127.62,128.586,True,28058.0,1541019600.000000000
222,128.572,129.32,128.374,128.919,True,32937.0,1541106000.000000000
223,128.869,129.326,128.605,129.122,True,18418.0,1541368800.000000000
224,129.135,129.638,128.856,129.634,True,18356.0,1541455200.000000000
225,129.535,130.147,129.396,129.732,True,37661.0,1541541600.000000000
226,129.769,130.128,129.392,129.608,True,22783.0,1541628000.000000000
227,129.626,129.642,128.739,128.995,True,22964.0,1541714400.000000000
228,128.856,129.189,127.654,127.712,True,27344.0,1541973600.000000000
229,127.725,128.754,127.503,128.493,True,34276.0,1542060000.000000000
230,128.505,129.23,128.133,128.516,True,39600.0,1542146400.000000000
231,128.499,129.054,127.769,128.75,True,44369.0,1542232800.000000000
232,128.696,128.898,128.128,128.848,True,29612.0,1542319200.000000000
233,128.766,129.067,128.47,128.91,True,23453.0,1542578400.000000000
234,128.917,129.039,128.01,128.236,True,28191.0,1542664800.000000000
235,128.217,129.077,128.125,128.755,True,24469.0,1542751200.000000000
236,128.745,129.102,128.676,128.815,True,15569.0,1542837600.000000000
237,128.815,128.922,127.83,128.065,True,17897.0,1542924000.000000000
238,128.06,128.92,127.931,128.674,True,20274.0,1543183200.000000000
239,128.636,128.848,128.359,128.502,True,23440.0,1543269600.000000000
240,128.521,129.26,128.252,129.217,True,24237.0,1543356000.000000000
241,129.227,129.298,128.676,129.296,True,20726.0,1543442400.000000000
242,129.194,129.268,128.405,128.43,True,18648.0,1543528800.000000000
243,129.026,129.151,128.546,129.014,True,19017.0,1543788000.000000000
244,128.982,129.033,127.622,127.926,True,26900.0,1543874400.000000000
245,127.964,128.492,127.793,128.414,True,16113.0,1543960800.000000000
246,128.408,128.443,127.674,128.189,True,37536.0,1544047200.000000000
247,128.162,128.674,128.141,128.318,True,25487.0,1544133600.000000000
248,128.313,128.938,128.175,128.691,True,27487.0,1544392800.000000000
249,128.669,128.982,128.18,128.334,True,23314.0,1544479200.000000000
250,128.313,128.865,128.304,128.785,True,23421.0,1544565600.000000000
251,128.799,129.254,128.71,129.032,True,19706.0,1544652000.000000000
252,129.066,129.124,127.988,128.187,True,18612.0,1544738400.000000000
253,128.175,128.591,127.865,128.036,True,17690.0,1544997600.000000000
254,128.028,128.112,127.644,127.876,True,23214.0,1545084000.000000000
255,127.905,128.378,127.548,127.971,True,29099.0,1545170400.000000000
256,127.984,128.387,127.22,127.398,True,39790.0,1545256800.000000000
257,127.411,127.687,126.386,126.438,True,34821.0,1545343200.000000000
258,126.148,126.742,125.826,125.959,True,43987.0,1545602400.000000000
259,125.959,126.452,125.64,126.427,True,19863.0,1545775200.000000000
260,126.466,127.095,125.995,126.932,True,53679.0,1545861600.000000000
261,126.958,127.024,126.126,126.254,True,35377.0,1545948000.000000000
262,126.212,126.44,125.408,125.682,True,21184.0,1546207200.000000000
263,125.682,125.848,123.53,123.567,True,39071.0,1546380000.000000000
264,124.769,124.77,118.484,122.663,True,56670.0,1546466400.000000000
265,122.671,123.86,122.588,123.675,True,42005.0,1546552800.000000000
266,123.695,124.802,123.412,124.733,True,25216.0,1546812000.000000000
267,124.756,124.86,124.124,124.403,True,25812.0,1546898400.000000000
268,124.418,125.096,124.392,124.834,True,32680.0,1546984800.000000000
269,124.843,125.068,124.36,124.706,True,30295.0,1547071200.000000000
270,124.714,124.997,124.238,124.449,True,23008.0,1547157600.000000000
271,124.395,124.434,123.772,124.043,True,19687.0,1547416800.000000000
272,124.058,124.856,123.399,124.051,True,30727.0,1547503200.000000000
273,124.026,124.42,123.527,124.272,True,22305.0,1547589600.000000000
274,124.305,124.68,123.742,124.419,True,25046.0,1547676000.000000000
275,124.404,124.974,124.234,124.734,True,22054.0,1547762400.000000000
276,124.534,124.83,124.515,124.713,True,13584.0,1548021600.000000000
277,124.666,124.715,124.05,124.258,True,18202.0,1548108000.000000000
278,124.264,124.94,124.224,124.744,True,19661.0,1548194400.000000000
279,124.755,124.901,123.792,123.91,True,28232.0,1548280800.000000000
280,123.927,125.318,123.795,124.929,True,24854.0,1548367200.000000000
281,124.906,125.038,124.602,124.9,True,17593.0,1548626400.000000000
282,124.944,125.236,124.688,125.01,True,19615.0,1548712800.000000000
283,124.967,125.466,124.886,125.157,True,23333.0,1548799200.000000000
284,125.157,125.296,124.498,124.617,True,21962.0,1548885600.000000000
285,124.658,125.738,124.368,125.439,True,19128.0,1548972000.000000000
286,125.422,125.946,125.36,125.656,True,14932.0,1549231200.000000000
287,125.689,125.871,125.282,125.412,True,14348.0,1549317600.000000000
288,125.421,125.452,124.814,124.94,True,16195.0,1549404000.000000000
289,124.965,125.07,124.35,124.551,True,18131.0,1549490400.000000000
290,124.591,124.697,124.176,124.278,True,15376.0,1549576800.000000000
291,124.293,124.88,124.271,124.57,True,13900.0,1549836000.000000000
292,124.614,125.272,124.456,125.136,True,15656.0,1549922400.000000000
293,125.151,125.54,125.002,125.041,True,14238.0,1550008800.000000000
294,124.971,125.456,124.741,124.839,True,20342.0,1550095200.000000000
295,124.814,124.864,124.234,124.755,True,17859.0,1550181600.000000000
296,124.751,125.272,124.714,125.116,True,8973.0,1550440800.000000000
297,125.116,125.54,124.771,125.416,True,16496.0,1550527200.000000000
298,125.463,125.938,125.36,125.698,True,16996.0,1550613600.000000000
299,125.682,125.87,125.328,125.492,True,19847.0,1550700000.000000000
300,125.509,125.777,125.368,125.418,True,13849.0,1550786400.000000000
301,125.454,126.304,125.384,126.112,True,15542.0,1551045600.000000000
302,126.146,126.226,125.722,125.943,True,15483.0,1551132000.000000000
303,125.931,126.348,125.541,126.153,True,15664.0,1551218400.000000000
304,126.167,126.906,125.892,126.706,True,18389.0,1551304800.000000000
305,126.672,127.504,126.606,127.193,True,15502.0,1551391200.000000000
306,127.337,127.38,126.447,126.715,True,12954.0,1551650400.000000000
307,126.694,126.937,126.366,126.531,True,14358.0,1551736800.000000000
308,126.5,126.536,126.18,126.395,True,12608.0,1551823200.000000000
309,126.402,126.43,124.672,124.873,True,19235.0,1551909600.000000000
310,124.878,125.03,124.276,124.877,True,17753.0,1551996000.000000000
311,124.69,125.206,124.484,125.053,True,12277.0,1552251600.000000000
312,125.072,125.828,125.034,125.699,True,16165.0,1552338000.000000000
313,125.699,126.03,125.458,125.918,True,12512.0,1552424400.000000000
314,125.925,126.566,125.925,126.28,True,14230.0,1552510800.000000000
315,126.254,126.571,126.125,126.268,True,12748.0,1552597200.000000000
316,126.212,126.691,126.15,126.345,True,9048.0,1552856400.000000000
317,126.324,126.618,126.097,126.47,True,9902.0,1552942800.000000000
318,126.434,126.788,126.36,126.377,True,14634.0,1553029200.000000000
319,126.353,126.606,125.69,126.055,True,15422.0,1553115600.000000000
320,126.046,126.182,123.824,124.23,True,23211.0,1553202000.000000000
321,124.135,124.818,123.881,124.399,True,19216.0,1553461200.000000000
322,124.412,125.012,124.367,124.641,True,17022.0,1553547600.000000000
323,124.635,124.738,124.051,124.264,True,22505.0,1553634000.000000000
324,124.251,124.429,123.658,124.177,True,23242.0,1553720400.000000000
325,124.164,124.64,124.146,124.345,True,21422.0,1553806800.000000000
326,124.694,124.954,124.442,124.868,True,16276.0,1554066000.000000000
327,124.85,124.893,124.48,124.721,True,12199.0,1554152400.000000000
328,124.727,125.45,124.612,125.233,True,13954.0,1554238800.000000000
329,125.225,125.394,124.972,125.274,True,11538.0,1554325200.000000000
330,125.268,125.512,125.221,125.309,True,11089.0,1554411600.000000000
331,125.299,125.616,124.988,125.529,True,9788.0,1554670800.000000000
332,125.54,125.62,125.136,125.16,True,11366.0,1554757200.000000000
333,125.173,125.454,124.782,125.154,True,13767.0,1554843600.000000000
334,125.133,125.717,125.033,125.667,True,11153.0,1554930000.000000000
335,125.667,126.766,125.646,126.564,True,12581.0,1555016400.000000000
336,126.578,126.792,126.498,126.654,True,8772.0,1555275600.000000000
337,126.629,126.682,126.201,126.369,True,13422.0,1555362000.000000000
338,126.457,126.806,126.283,126.566,True,11982.0,1555448400.000000000
339,126.58,126.596,125.654,125.729,True,15210.0,1555534800.000000000
340,125.743,125.884,125.718,125.841,True,3287.0,1555621200.000000000
341,125.799,126.069,125.75,126.007,True,5122.0,1555880400.000000000
342,125.989,126.06,125.282,125.599,True,10786.0,1555966800.000000000
343,125.509,125.604,124.809,125.127,True,15142.0,1556053200.000000000
344,125.108,125.232,124.212,124.361,True,16708.0,1556139600.000000000
345,124.369,124.714,124.092,124.458,True,17482.0,1556226000.000000000
346,124.435,125.098,124.404,124.948,True,9165.0,1556485200.000000000
347,124.928,125.092,124.474,125.022,True,14009.0,1556571600.000000000
348,125.022,125.234,124.736,124.767,True,13461.0,1556658000.000000000
349,124.776,125.125,124.555,124.6,True,13090.0,1556744400.000000000
350,124.611,124.655,124.282,124.46,True,12952.0,1556830800.000000000
351,123.647,124.299,123.365,124.131,True,17227.0,1557090000.000000000
352,124.114,124.253,123.11,123.382,True,17748.0,1557176400.000000000
353,123.367,123.522,123.11,123.228,True,20225.0,1557262800.000000000
354,123.21,123.266,122.488,123.083,True,22456.0,1557349200.000000000
355,123.103,123.616,123.045,123.538,True,25861.0,1557435600.000000000
356,123.327,123.451,122.55,122.691,True,19184.0,1557694800.000000000
357,122.676,123.4,122.586,122.809,True,16212.0,1557781200.000000000
358,122.809,123.094,122.083,122.764,True,19463.0,1557867600.000000000
359,122.746,122.964,122.542,122.748,True,14926.0,1557954000.000000000
360,122.748,122.997,122.277,122.793,True,19688.0,1558040400.000000000
361,122.917,123.194,122.54,122.868,True,15475.0,1558299600.000000000
362,122.911,123.748,122.678,123.328,True,15857.0,1558386000.000000000
363,123.328,123.508,122.986,123.064,True,12728.0,1558472400.000000000
364,123.044,123.084,122.148,122.564,True,20454.0,1558558800.000000000
365,122.576,122.824,122.42,122.47,True,14630.0,1558645200.000000000
366,122.533,122.806,122.472,122.58,True,8355.0,1558904400.000000000
367,122.556,122.704,122.0,122.057,True,16141.0,1558990800.000000000
368,122.057,122.214,121.583,121.98,True,17956.0,1559077200.000000000
369,121.996,122.26,121.907,122.006,True,14120.0,1559163600.000000000
370,121.978,122.016,120.922,120.958,True,25453.0,1559250000.000000000
371,120.901,121.654,120.786,121.482,True,21273.0,1559509200.000000000
372,121.473,121.786,121.306,121.691,True,21101.0,1559595600.000000000
373,121.676,122.265,121.554,121.704,True,22231.0,1559682000.000000000
374,121.712,122.396,121.256,122.176,True,25599.0,1559768400.000000000
375,122.258,122.716,122.101,122.611,True,20096.0,1559854800.000000000
376,122.849,122.924,122.628,122.646,True,12973.0,1560114000.000000000
377,122.653,123.176,122.628,122.912,True,13514.0,1560200400.000000000
378,122.923,123.006,122.42,122.478,True,15214.0,1560286800.000000000
379,122.456,122.564,122.14,122.242,True,12843.0,1560373200.000000000
380,122.273,122.286,121.593,121.694,True,14627.0,1560459600.000000000
381,121.636,122.127,121.602,121.764,True,8745.0,1560718800.000000000
382,121.931,121.957,121.066,121.398,True,20245.0,1560805200.000000000
383,121.415,121.655,121.174,121.356,True,15902.0,1560891600.000000000
384,121.364,121.92,121.089,121.166,True,22396.0,1560978000.000000000
385,121.178,122.122,120.955,122.004,True,19751.0,1561064400.000000000
386,122.018,122.018,122.018,122.018,True,1.0,1561150800.000000000
387,122.056,122.396,122.0,122.305,True,13368.0,1561323600.000000000
388,122.312,122.467,121.654,121.826,True,20393.0,1561410000.000000000
389,121.918,122.632,121.777,122.528,True,17070.0,1561496400.000000000
390,122.522,122.894,122.406,122.54,True,16006.0,1561582800.000000000
391,122.503,122.786,122.284,122.697,True,14692.0,1561669200.000000000
392,122.897,123.356,122.36,122.378,True,17027.0,1561928400.000000000
393,122.378,122.536,121.726,121.803,True,13454.0,1562014800.000000000
394,121.837,121.85,121.321,121.609,True,13037.0,1562101200.000000000
395,121.615,121.718,121.54,121.65,True,5343.0,1562187600.000000000
396,121.515,121.93,121.515,121.773,True,11980.0,1562274000.000000000
397,121.73,121.975,121.52,121.907,True,8547.0,1562533200.000000000
398,121.859,122.136,121.851,122.002,True,8288.0,1562619600.000000000
399,122.012,122.322,121.982,122.032,True,11632.0,1562706000.000000000
400,122.116,122.145,121.626,122.114,True,11598.0,1562792400.000000000
401,122.114,122.232,121.518,121.62,True,9632.0,1562878800.000000000
402,121.636,121.854,121.422,121.482,True,8145.0,1563138000.000000000
403,121.49,121.68,121.1,121.345,True,9738.0,1563224400.000000000
404,121.351,121.484,121.167,121.188,True,9011.0,1563310800.000000000
405,121.224,121.25,120.786,120.99,True,13460.0,1563397200.000000000
406,120.982,121.282,120.814,120.877,True,13030.0,1563483600.000000000
407,120.845,121.167,120.805,120.906,True,9085.0,1563742800.000000000
408,120.961,121.092,120.496,120.679,True,9049.0,1563829200.000000000
409,120.666,120.71,120.211,120.507,True,10267.0,1563915600.000000000
410,120.489,121.375,120.054,121.102,True,18109.0,1564002000.000000000
411,121.159,121.196,120.798,120.929,True,9746.0,1564088400.000000000
412,120.87,121.304,120.737,121.235,True,6599.0,1564347600.000000000
413,121.212,121.382,120.886,121.151,True,11412.0,1564434000.000000000
414,121.085,121.191,120.353,120.477,True,17739.0,1564520400.000000000
415,120.485,120.711,118.921,118.999,True,24497.0,1564606800.000000000
416,118.992,119.123,118.266,118.404,True,32049.0,1564693200.000000000
417,118.355,118.934,117.676,118.699,True,33211.0,1564952400.000000000
418,118.706,119.874,118.376,119.248,True,30798.0,1565038800.000000000
419,119.242,119.284,118.438,119.016,True,32057.0,1565125200.000000000
420,119.043,119.164,118.494,118.586,True,24225.0,1565211600.000000000
421,118.571,118.74,118.09,118.38,True,19885.0,1565298000.000000000
422,118.223,118.408,117.518,118.086,True,16423.0,1565557200.000000000
423,118.123,119.588,117.69,119.234,True,30991.0,1565643600.000000000
424,119.189,119.285,117.786,117.983,True,27688.0,1565730000.000000000
425,118.034,118.978,117.626,117.895,True,36703.0,1565816400.000000000
426,117.878,118.164,117.581,117.958,True,20005.0,1565902800.000000000
427,118.021,118.478,117.863,118.127,True,12742.0,1566162000.000000000
428,118.231,118.269,117.58,117.933,True,13786.0,1566248400.000000000
429,117.927,118.332,117.903,118.167,True,9954.0,1566334800.000000000
430,118.181,118.304,117.734,117.949,True,16908.0,1566421200.000000000
431,117.967,118.164,117.266,117.459,True,27060.0,1566507600.000000000
432,117.166,118.2,116.57,117.817,True,42015.0,1566766800.000000000
433,117.807,117.834,117.214,117.325,True,17681.0,1566853200.000000000
434,117.374,117.676,117.106,117.563,True,15683.0,1566939600.000000000
435,117.547,117.93,117.283,117.776,True,16826.0,1567026000.000000000
436,117.796,117.82,116.624,116.827,True,16098.0,1567112400.000000000
437,116.601,116.78,116.352,116.504,True,8783.0,1567371600.000000000
438,116.659,116.669,115.867,116.232,True,18284.0,1567458000.000000000
439,116.212,117.438,116.134,117.427,True,14174.0,1567544400.000000000
440,117.307,118.613,117.278,118.011,True,17219.0,1567630800.000000000
441,118.031,118.268,117.812,117.892,True,15984.0,1567717200.000000000
442,117.809,118.51,117.742,118.471,True,12260.0,1567976400.000000000
443,118.495,118.789,118.274,118.754,True,13968.0,1568062800.000000000
444,118.769,119.172,118.3,118.746,True,11859.0,1568149200.000000000
445,118.644,119.822,117.557,119.614,True,37330.0,1568235600.000000000
446,119.63,120.01,119.542,119.722,True,17958.0,1568322000.000000000
447,119.03,119.511,118.69,118.986,True,17874.0,1568581200.000000000
448,118.992,119.776,118.874,119.712,True,16897.0,1568667600.000000000
449,119.718,119.825,119.414,119.603,True,13910.0,1568754000.000000000
450,119.595,119.682,118.96,119.307,True,16617.0,1568840400.000000000
451,119.287,119.38,118.466,118.528,True,13532.0,1568926800.000000000
452,118.723,118.79,117.756,118.22,True,14173.0,1569186000.000000000
453,118.229,118.561,117.892,118.016,True,16687.0,1569272400.000000000
454,118.024,118.2,117.792,117.938,True,16123.0,1569358800.000000000
455,117.98,118.052,117.518,117.779,True,13956.0,1569445200.000000000
456,117.861,118.473,117.446,118.097,True,15402.0,1569531600.000000000
457,118.155,118.183,117.545,117.786,True,12981.0,1569790800.000000000
458,117.778,118.173,117.677,117.789,True,15927.0,1569877200.000000000
459,117.825,118.004,117.328,117.46,True,14754.0,1569963600.000000000
460,117.446,117.654,117.074,117.228,True,18781.0,1570050000.000000000
461,117.252,117.49,117.086,117.38,True,14006.0,1570136400.000000000
462,117.15,117.906,117.09,117.654,True,10957.0,1570395600.000000000
463,117.674,117.971,117.132,117.315,True,16037.0,1570482000.000000000
464,117.309,118.095,117.211,117.929,True,12567.0,1570568400.000000000
465,117.951,118.943,117.578,118.806,True,23820.0,1570654800.000000000
466,118.853,120.007,118.73,119.692,True,24069.0,1570741200.000000000
467,119.565,119.734,119.19,119.53,True,12868.0,1571000400.000000000
468,119.551,120.226,119.116,120.092,True,19245.0,1571086800.000000000
469,120.085,120.472,119.747,120.428,True,21797.0,1571173200.000000000
470,120.435,121.355,120.336,120.869,True,20536.0,1571259600.000000000
471,120.94,121.126,120.676,121.124,True,13203.0,1571346000.000000000
472,121.118,121.118,121.118,121.118,True,1.0,1571432400.000000000
473,121.118,121.476,120.932,121.098,True,9416.0,1571605200.000000000
474,121.074,121.286,120.58,120.692,True,11855.0,1571691600.000000000
475,120.684,121.054,120.388,120.981,True,12191.0,1571778000.000000000
476,120.97,121.388,120.431,120.632,True,15227.0,1571864400.000000000
477,120.612,120.804,120.353,120.403,True,9150.0,1571950800.000000000
478,120.526,120.991,120.406,120.95,True,8692.0,1572210000.000000000
479,120.922,121.066,120.578,120.999,True,9720.0,1572296400.000000000
480,121.005,121.398,120.88,121.353,True,13217.0,1572382800.000000000
481,121.362,121.469,120.286,120.476,True,17567.0,1572469200.000000000
482,120.49,120.941,120.363,120.787,True,12828.0,1572555600.000000000
483,120.828,121.11,120.774,120.824,True,8502.0,1572818400.000000000
484,120.83,121.3,120.697,120.868,True,13185.0,1572904800.000000000
485,120.894,120.918,120.476,120.61,True,10005.0,1572991200.000000000
486,120.616,121.114,120.141,120.756,True,16648.0,1573077600.000000000
487,120.762,120.876,120.22,120.383,True,12277.0,1573164000.000000000
488,120.404,120.42,120.072,120.321,True,7013.0,1573423200.000000000
489,120.332,120.638,119.948,120.019,True,9848.0,1573509600.000000000
490,120.008,120.18,119.582,119.778,True,10545.0,1573596000.000000000
491,119.752,119.813,119.253,119.473,True,11228.0,1573682400.000000000
492,119.481,120.318,119.439,120.232,True,8252.0,1573768800.000000000
493,120.24,120.685,120.098,120.343,True,9305.0,1574028000.000000000
494,120.357,120.496,120.002,120.247,True,8916.0,1574114400.000000000
495,120.229,120.406,119.852,120.254,True,13204.0,1574200800.000000000
496,120.247,120.578,119.942,120.111,True,13493.0,1574287200.000000000
497,120.178,120.491,119.666,119.717,True,11504.0,1574373600.000000000
498,119.741,120.116,119.727,119.953,True,7646.0,1574632800.000000000
499,119.964,120.253,119.92,120.201,True,9568.0,1574719200.000000000
500,120.166,120.595,120.062,120.468,True,7573.0,1574805600.000000000
501,120.474,120.587,120.328,120.542,True,6272.0,1574892000.000000000
502,120.535,120.762,120.414,120.62,True,8579.0,1574978400.000000000
503,120.671,121.017,120.526,120.721,True,10885.0,1575237600.000000000
504,120.728,120.96,120.25,120.384,True,12510.0,1575324000.000000000
505,120.361,120.812,120.104,120.613,True,13662.0,1575410400.000000000
506,120.629,120.888,120.558,120.766,True,9826.0,1575496800.000000000
507,120.746,120.786,120.006,120.098,True,9939.0,1575583200.000000000
508,120.098,120.271,119.994,120.11,True,5510.0,1575842400.000000000
509,120.124,120.69,120.11,120.61,True,7652.0,1575928800.000000000
510,120.624,120.926,120.376,120.812,True,8208.0,1576015200.000000000
511,120.827,121.73,120.679,121.672,True,14441.0,1576101600.000000000
512,121.685,122.65,121.463,121.588,True,26052.0,1576188000.000000000
513,121.965,122.23,121.314,122.102,True,8898.0,1576447200.000000000
514,122.139,122.461,121.928,122.094,True,8790.0,1576533600.000000000
515,122.037,122.166,121.75,121.78,True,7799.0,1576620000.000000000
516,121.82,122.05,121.424,121.614,True,9660.0,1576706400.000000000
517,121.629,121.698,121.194,121.232,True,7728.0,1576792800.000000000
518,121.265,121.354,121.088,121.298,True,7207.0,1577052000.000000000
519,121.159,121.372,121.067,121.252,True,8821.0,1577138400.000000000
520,121.242,121.785,121.242,121.67,True,3413.0,1577311200.000000000
521,121.617,122.502,121.558,122.406,True,16102.0,1577397600.000000000
522,122.358,122.488,121.778,121.917,True,18750.0,1577656800.000000000
523,121.927,122.096,121.73,121.845,True,10422.0,1577743200.000000000
524,121.82,122.04,120.984,121.304,True,11570.0,1577916000.000000000
525,121.298,121.378,120.172,120.614,True,18480.0,1578002400.000000000
526,120.629,121.398,120.282,121.343,True,13353.0,1578261600.000000000
527,121.266,121.448,120.786,120.952,True,14136.0,1578348000.000000000
528,120.899,121.38,120.175,121.186,True,31900.0,1578434400.000000000
529,121.144,121.688,121.05,121.654,True,13452.0,1578520800.000000000
530,121.607,121.839,121.524,121.76,True,10327.0,1578607200.000000000
531,121.76,122.494,121.735,122.4,True,7937.0,1578866400.000000000
532,122.41,122.764,122.19,122.405,True,12154.0,1578952800.000000000
533,122.399,122.72,122.202,122.542,True,9205.0,1579039200.000000000
534,122.548,122.872,122.508,122.696,True,8724.0,1579125600.000000000
535,122.69,122.842,122.128,122.172,True,7963.0,1579212000.000000000
536,122.154,122.317,122.036,122.272,True,5629.0,1579471200.000000000
537,122.264,122.374,121.719,121.764,True,11267.0,1579557600.000000000
538,121.778,122.014,121.618,121.848,True,9508.0,1579644000.000000000
539,121.838,121.878,120.637,121.08,True,15395.0,1579730400.000000000
540,121.064,121.271,120.416,120.472,True,11855.0,1579816800.000000000
541,120.19,120.4,119.908,119.991,True,18091.0,1580076000.000000000
542,119.975,120.334,119.81,120.301,True,12448.0,1580162400.000000000
543,120.295,120.425,119.893,120.037,True,11460.0,1580248800.000000000
544,120.076,120.248,119.778,120.184,True,16940.0,1580335200.000000000
545,120.176,120.406,120.026,120.224,True,16494.0,1580421600.000000000
546,120.229,120.378,119.924,120.206,True,15283.0,1580680800.000000000
547,120.196,120.982,120.066,120.966,True,12335.0,1580767200.000000000
548,120.961,121.154,120.661,120.806,True,13910.0,1580853600.000000000
549,120.817,121.02,120.57,120.792,True,10187.0,1580940000.000000000
550,120.763,120.802,120.094,120.126,True,12988.0,1581026400.000000000
551,120.05,120.34,119.681,119.78,True,11111.0,1581285600.000000000
552,119.774,120.026,119.596,119.844,True,9165.0,1581372000.000000000
553,119.848,120.301,119.616,119.723,True,10026.0,1581458400.000000000
554,119.732,119.755,118.878,119.049,True,14350.0,1581544800.000000000
555,119.043,119.328,118.868,118.912,True,8930.0,1581631200.000000000
556,119.055,119.193,118.908,119.066,True,6725.0,1581890400.000000000
557,119.085,119.092,118.464,118.568,True,11831.0,1581976800.000000000
558,118.578,120.498,118.578,120.342,True,12518.0,1582063200.000000000
559,120.348,121.396,120.096,120.908,True,23831.0,1582149600.000000000
560,120.917,121.351,120.36,121.027,True,20505.0,1582236000.000000000
561,120.375,121.068,119.904,120.165,True,26721.0,1582495200.000000000
562,120.176,120.536,119.414,119.916,True,30428.0,1582581600.000000000
563,119.823,120.586,119.729,120.132,True,33792.0,1582668000.000000000
564,120.122,121.042,119.953,120.569,True,43183.0,1582754400.000000000
565,120.64,120.662,118.381,119.143,True,64437.0,1582840800.000000000
566,118.653,120.75,118.506,120.616,True,61317.0,1583100000.000000000
567,120.592,120.95,119.538,119.666,True,67644.0,1583186400.000000000
568,119.645,120.131,119.031,119.746,True,39839.0,1583272800.000000000
569,119.759,119.998,119.002,119.302,True,34508.0,1583359200.000000000
570,119.308,119.44,118.711,118.915,True,62190.0,1583445600.000000000
571,118.29,118.706,116.128,117.122,True,112012.0,1583701200.000000000
572,117.122,119.492,116.813,119.173,True,110229.0,1583787600.000000000
573,119.173,119.229,117.544,117.8,True,80380.0,1583874000.000000000
574,117.8,118.345,116.312,117.017,True,113651.0,1583960400.000000000
575,117.017,120.321,116.89,119.854,True,124079.0,1584046800.000000000
576,118.523,120.006,117.146,118.409,True,166309.0,1584306000.000000000
577,118.409,119.692,117.302,118.433,True,124371.0,1584392400.000000000
578,118.433,118.535,116.904,117.993,True,101602.0,1584478800.000000000
579,118.001,119.325,117.412,118.374,True,132283.0,1584565200.000000000
580,118.362,119.298,117.85,118.535,True,137427.0,1584651600.000000000
581,118.722,119.941,117.732,119.32,True,113507.0,1584910800.000000000
582,119.32,120.54,118.816,119.986,True,90454.0,1584997200.000000000
583,119.986,121.148,119.52,121.031,True,89811.0,1585083600.000000000
584,121.031,121.093,119.962,120.93,True,85307.0,1585170000.000000000
585,120.93,121.061,118.806,120.213,True,82348.0,1585256400.000000000
586,119.531,120.067,118.801,119.058,True,55372.0,1585515600.000000000
587,119.058,119.707,118.2,118.692,True,59589.0,1585602000.000000000
588,118.692,118.876,116.948,117.493,True,46631.0,1585688400.000000000
589,117.493,117.718,116.354,117.123,True,46843.0,1585774800.000000000
590,117.123,117.388,116.734,117.259,True,36229.0,1585861200.000000000
591,117.221,118.308,117.19,117.86,True,33410.0,1586120400.000000000
592,117.86,119.038,117.51,118.454,True,34572.0,1586206800.000000000
593,118.454,118.694,117.92,118.149,True,31411.0,1586293200.000000000
594,118.149,119.0,118.078,118.581,True,30319.0,1586379600.000000000
595,118.581,118.742,118.412,118.597,True,35399.0,1586466000.000000000
596,118.618,118.718,117.31,117.612,True,18478.0,1586725200.000000000
597,117.612,117.941,117.31,117.734,True,21024.0,1586811600.000000000
598,117.734,117.783,116.798,117.224,True,21926.0,1586898000.000000000
599,117.224,117.505,116.556,116.967,True,23343.0,1586984400.000000000
600,116.967,117.414,116.625,116.937,True,24456.0,1587070800.000000000
601,116.945,117.291,116.844,116.914,True,15709.0,1587330000.000000000
602,116.946,117.162,116.222,117.016,True,21521.0,1587416400.000000000
603,116.993,117.218,116.444,116.607,True,15963.0,1587502800.000000000
604,116.613,116.836,115.643,115.988,True,25660.0,1587589200.000000000
605,116.02,116.442,115.546,116.347,True,19919.0,1587675600.000000000
606,116.376,116.506,116.05,116.161,True,17610.0,1587934800.000000000
607,116.135,116.269,115.611,115.632,True,17379.0,1588021200.000000000
608,115.755,116.079,115.45,115.994,True,16274.0,1588107600.000000000
609,116.008,117.776,115.553,117.375,True,28102.0,1588194000.000000000
610,117.365,117.765,117.02,117.407,True,18749.0,1588280400.000000000
611,117.288,117.288,116.272,116.388,True,16912.0,1588539600.000000000
612,116.438,116.566,115.413,115.472,True,17810.0,1588626000.000000000
613,115.812,115.819,114.43,114.542,True,18213.0,1588712400.000000000
614,114.579,115.143,114.454,115.118,True,20643.0,1588798800.000000000
615,115.126,115.742,115.033,115.615,True,15709.0,1588885200.000000000
616,115.573,116.514,115.291,116.347,True,18235.0,1589144400.000000000
617,116.431,116.849,115.961,116.218,True,15833.0,1589230800.000000000
618,116.226,116.413,115.694,115.8,True,18423.0,1589317200.000000000
619,115.788,115.927,115.33,115.866,True,18147.0,1589403600.000000000
620,115.882,116.198,115.478,115.877,True,17688.0,1589490000.000000000
621,116.271,117.24,115.756,117.144,True,17347.0,1589749200.000000000
622,117.182,118.196,117.028,117.65,True,20126.0,1589835600.000000000
623,117.751,118.204,117.594,118.068,True,16960.0,1589922000.000000000
624,118.075,118.524,117.734,117.84,True,17412.0,1590008400.000000000
625,117.822,117.98,116.996,117.354,True,15260.0,1590094800.000000000
626,117.369,117.56,117.086,117.371,True,9018.0,1590354000.000000000
627,117.379,118.336,117.338,118.119,True,15259.0,1590440400.000000000
628,118.159,118.912,117.708,118.588,True,27106.0,1590526800.000000000
629,118.602,119.393,118.488,119.22,True,23993.0,1590613200.000000000
630,119.241,119.898,118.869,119.737,True,28685.0,1590699600.000000000
631,119.737,119.974,119.429,119.804,True,21924.0,1590958800.000000000
632,119.795,121.634,119.628,121.383,True,25681.0,1591045200.000000000
633,121.371,122.627,121.27,122.338,True,30119.0,1591131600.000000000
634,122.368,123.97,121.848,123.739,True,37980.0,1591218000.000000000
635,123.731,124.432,123.542,123.742,True,34258.0,1591304400.000000000
636,123.658,124.123,122.225,122.458,True,25042.0,1591563600.000000000
637,122.421,122.604,121.328,122.177,True,31487.0,1591650000.000000000
638,122.225,122.364,121.588,121.856,True,33739.0,1591736400.000000000
639,122.0,122.0,120.658,120.734,True,41204.0,1591822800.000000000
640,120.727,121.816,120.258,120.891,True,43485.0,1591909200.000000000
641,120.767,121.636,120.338,121.52,True,37246.0,1592168400.000000000
642,121.452,122.12,120.48,120.884,True,37772.0,1592254800.000000000
643,120.902,121.232,120.155,120.307,True,30162.0,1592341200.000000000
644,120.282,120.546,119.592,119.864,True,29179.0,1592427600.000000000
645,119.904,120.214,119.382,119.468,True,23257.0,1592514000.000000000
646,119.462,120.444,119.316,120.39,True,20374.0,1592773200.000000000
647,120.397,121.1,119.91,120.466,True,31464.0,1592859600.000000000
648,120.424,120.748,120.039,120.436,True,24720.0,1592946000.000000000
649,120.462,120.624,120.146,120.259,True,24285.0,1593032400.000000000
650,120.273,120.38,119.814,120.28,True,16877.0,1593118800.000000000
651,120.164,121.358,120.146,120.936,True,18835.0,1593378000.000000000
652,120.902,121.426,120.592,121.244,True,20908.0,1593464400.000000000
653,121.267,121.482,120.262,120.918,True,19451.0,1593550800.000000000
654,120.926,121.44,120.752,120.824,True,18899.0,1593637200.000000000
655,120.838,120.978,120.612,120.959,True,14644.0,1593723600.000000000
656,120.902,121.968,120.848,121.44,True,15819.0,1593982800.000000000
657,121.432,121.718,121.187,121.223,True,16718.0,1594069200.000000000
658,121.236,121.881,121.138,121.526,True,15906.0,1594155600.000000000
659,121.579,121.966,120.906,120.978,True,18060.0,1594242000.000000000
660,120.985,121.069,120.271,120.845,True,15532.0,1594328400.000000000
661,120.905,121.962,120.824,121.704,True,15790.0,1594587600.000000000
662,121.711,122.32,121.471,122.243,True,17954.0,1594674000.000000000
663,122.258,122.5,121.825,122.032,True,16996.0,1594760400.000000000
664,122.017,122.502,121.818,122.116,True,17577.0,1594846800.000000000
665,122.141,122.574,121.931,122.332,True,13359.0,1594933200.000000000
666,122.251,122.977,122.247,122.802,True,21044.0,1595192400.000000000
667,122.77,123.176,122.474,123.112,True,21376.0,1595278800.000000000
668,123.153,124.29,123.059,123.994,True,24122.0,1595365200.000000000
669,124.003,124.243,123.71,123.926,True,19105.0,1595451600.000000000
670,123.933,123.966,122.842,123.698,True,25129.0,1595538000.000000000
671,123.577,123.905,123.222,123.83,True,26346.0,1595797200.000000000
672,123.855,123.987,123.017,123.12,True,22823.0,1595883600.000000000
673,123.132,123.789,123.022,123.704,True,21558.0,1595970000.000000000
674,123.698,124.196,123.338,124.069,True,24047.0,1596056400.000000000
675,124.025,125.208,123.843,124.711,True,36818.0,1596142800.000000000
676,124.709,125.058,123.997,124.623,True,28052.0,1596402000.000000000
677,124.64,125.0,124.268,124.77,True,19865.0,1596488400.000000000
678,124.785,125.515,124.638,125.283,True,21493.0,1596574800.000000000
679,125.269,125.592,124.66,125.363,True,25597.0,1596661200.000000000
680,125.341,125.394,124.464,124.854,True,23883.0,1596747600.000000000
681,124.814,124.922,124.343,124.365,True,17544.0,1597006800.000000000
682,124.376,125.501,124.354,125.02,True,22401.0,1597093200.000000000
683,125.01,126.219,124.953,125.97,True,22300.0,1597179600.000000000
684,125.949,126.756,125.918,126.328,True,20953.0,1597266000.000000000
685,126.312,126.47,125.741,126.234,True,16040.0,1597352400.000000000
686,126.266,126.464,125.674,125.84,True,16922.0,1597611600.000000000
687,125.831,126.092,125.344,125.764,True,21718.0,1597698000.000000000
688,125.81,126.061,125.376,125.459,True,22925.0,1597784400.000000000
689,125.624,125.784,125.087,125.478,True,21091.0,1597870800.000000000
690,125.466,125.559,124.442,124.818,True,19838.0,1597957200.000000000
691,124.737,125.344,124.692,124.926,True,14220.0,1598216400.000000000
692,124.953,126.03,124.922,125.899,True,18414.0,1598302800.000000000
693,125.922,126.141,125.264,125.383,True,16749.0,1598389200.000000000
694,125.39,126.092,125.138,125.969,True,33178.0,1598475600.000000000
695,125.977,126.774,125.198,125.444,True,33667.0,1598562000.000000000
696,125.377,126.846,125.226,126.408,True,21866.0,1598821200.000000000
697,126.476,127.076,126.14,126.216,True,24258.0,1598907600.000000000
698,126.252,126.314,125.556,125.876,True,19989.0,1598994000.000000000
699,125.848,126.023,125.291,125.848,True,22958.0,1599080400.000000000
700,125.866,125.986,125.304,125.781,True,23658.0,1599166800.000000000
701,125.881,125.944,125.519,125.624,True,10235.0,1599426000.000000000
702,125.598,125.649,124.698,124.854,True,22985.0,1599512400.000000000
703,124.846,125.646,124.428,125.325,True,23507.0,1599598800.000000000
704,125.361,126.464,125.305,125.392,True,26591.0,1599685200.000000000
705,125.398,126.125,125.398,125.772,True,16891.0,1599771600.000000000
706,125.623,125.901,125.288,125.449,True,13823.0,1600030800.000000000
707,125.403,125.77,124.757,124.916,True,14245.0,1600117200.000000000
708,124.895,125.016,123.84,123.951,True,21691.0,1600203600.000000000
709,123.96,124.135,123.318,124.105,True,23086.0,1600290000.000000000
710,124.091,124.311,123.436,123.821,True,16878.0,1600376400.000000000
711,123.824,123.938,122.521,123.184,True,23999.0,1600635600.000000000
712,123.176,123.278,122.659,122.853,True,19962.0,1600722000.000000000
713,122.871,123.191,122.58,122.881,True,19743.0,1600808400.000000000
714,122.875,123.158,122.585,123.033,True,19342.0,1600894800.000000000
715,123.046,123.154,122.614,122.806,True,16552.0,1600981200.000000000
716,122.749,123.209,122.378,123.055,True,15538.0,1601240400.000000000
717,123.074,124.12,123.031,124.063,True,16235.0,1601326800.000000000
718,124.069,124.25,123.534,123.72,True,23362.0,1601413200.000000000
719,123.637,124.205,123.484,123.972,True,20751.0,1601499600.000000000
720,123.966,124.01,123.026,123.427,True,26356.0,1601586000.000000000
721,123.392,124.714,123.34,124.65,True,14910.0,1601845200.000000000
722,124.641,124.732,123.854,123.991,True,18063.0,1601931600.000000000
723,123.983,124.877,123.868,124.689,True,16122.0,1602018000.000000000
724,124.698,124.877,124.368,124.686,True,12057.0,1602104400.000000000
725,124.675,125.087,124.515,124.948,True,12967.0,1602190800.000000000
726,124.919,125.013,124.289,124.403,True,10912.0,1602450000.000000000
727,124.425,124.47,123.808,123.938,True,14522.0,1602536400.000000000
728,123.921,123.938,123.476,123.527,True,12480.0,1602622800.000000000
729,123.519,123.774,123.018,123.372,True,14245.0,1602709200.000000000
730,123.353,123.714,123.12,123.517,True,14376.0,1602795600.000000000
731,123.295,124.342,123.295,124.107,True,10819.0,1603054800.000000000
732,124.079,124.999,124.038,124.679,True,11885.0,1603141200.000000000
733,124.691,124.84,123.916,124.084,True,15274.0,1603227600.000000000
734,123.996,124.092,123.652,124.016,True,12607.0,1603314000.000000000
735,123.96,124.229,123.414,124.205,True,12510.0,1603400400.000000000
736,124.083,124.204,123.779,123.805,True,11370.0,1603659600.000000000
737,123.792,123.996,123.156,123.175,True,10388.0,1603746000.000000000
738,123.181,123.195,122.188,122.532,True,17011.0,1603832400.000000000
739,122.538,122.89,121.898,122.086,True,18852.0,1603918800.000000000
740,122.097,122.466,121.62,121.927,True,19007.0,1604005200.000000000
741,121.798,122.155,121.702,121.868,True,13298.0,1604268000.000000000
742,121.887,122.752,121.813,122.473,True,14617.0,1604354400.000000000
743,122.448,123.076,121.964,122.541,True,53527.0,1604440800.000000000
744,122.549,123.184,122.214,122.422,True,28996.0,1604527200.000000000
745,122.414,122.994,122.223,122.74,True,28107.0,1604613600.000000000
746,122.902,125.136,122.686,124.456,True,39434.0,1604872800.000000000
747,124.447,124.604,123.993,124.353,True,29033.0,1604959200.000000000
748,124.413,124.674,123.922,123.994,True,17500.0,1605045600.000000000
749,124.157,124.503,123.69,124.118,True,16327.0,1605132000.000000000
750,124.126,124.303,123.663,123.823,True,14122.0,1605218400.000000000
751,124.025,124.441,123.628,123.968,True,17749.0,1605477600.000000000
752,123.936,124.024,123.518,123.573,True,13069.0,1605564000.000000000
753,123.586,123.617,123.02,123.064,True,14199.0,1605650400.000000000
754,123.07,123.318,122.846,123.238,True,14408.0,1605736800.000000000
755,123.219,123.482,123.011,123.136,True,11366.0,1605823200.000000000
756,123.102,123.826,123.07,123.755,True,13745.0,1606082400.000000000
757,123.771,124.348,123.666,124.202,True,15036.0,1606168800.000000000
758,124.221,124.512,124.148,124.482,True,14471.0,1606255200.000000000
759,124.468,124.569,123.914,124.207,True,8829.0,1606341600.000000000
760,124.2,124.528,123.902,124.504,True,11564.0,1606428000.000000000
761,124.513,125.126,124.307,124.448,True,15795.0,1606687200.000000000
762,124.469,125.952,124.438,125.908,True,15125.0,1606773600.000000000
763,125.929,126.55,125.778,126.518,True,15938.0,1606860000.000000000
764,126.503,126.656,126.033,126.129,True,15485.0,1606946400.000000000
765,126.119,126.682,126.045,126.287,True,16236.0,1607032800.000000000
766,126.275,126.486,125.967,126.0,True,14915.0,1607292000.000000000
767,125.993,126.257,125.863,126.071,True,14409.0,1607378400.000000000
768,126.086,126.518,125.788,125.909,True,13742.0,1607464800.000000000
769,125.918,126.742,125.874,126.546,True,19849.0,1607551200.000000000
770,126.552,126.612,125.786,126.016,True,16439.0,1607637600.000000000
771,126.258,126.514,125.921,126.414,True,14494.0,1607896800.000000000
772,126.399,126.589,125.95,125.962,True,13248.0,1607983200.000000000
773,125.934,126.348,125.708,126.189,True,16416.0,1608069600.000000000
774,126.169,126.518,126.018,126.487,True,15071.0,1608156000.000000000
775,126.496,127.013,126.387,126.645,True,12718.0,1608242400.000000000
776,126.578,126.619,125.915,126.532,True,24909.0,1608501600.000000000
777,126.516,126.658,125.994,126.074,True,16880.0,1608588000.000000000
778,126.042,126.378,125.94,126.276,True,16134.0,1608674400.000000000
779,126.251,126.498,126.194,126.347,True,14690.0,1608760800.000000000
780,126.246,126.956,126.05,126.792,True,15298.0,1609106400.000000000
781,126.813,127.233,126.703,126.925,True,12926.0,1609192800.000000000
782,126.918,127.136,126.467,127.014,True,16216.0,1609279200.000000000
783,127.001,127.001,126.084,126.21,True,15137.0,1609365600.000000000
784,126.208,126.796,126.102,126.342,True,20285.0,1609711200.000000000
785,126.317,126.555,126.054,126.264,True,16084.0,1609797600.000000000
786,126.254,127.242,126.142,127.044,True,25453.0,1609884000.000000000
787,127.034,127.492,126.917,127.395,True,19106.0,1609970400.000000000
788,127.402,127.464,126.816,127.078,True,21306.0,1610056800.000000000
789,126.908,127.096,126.558,126.724,True,16698.0,1610316000.000000000
790,126.672,126.865,126.542,126.651,True,15562.0,1610402400.000000000
791,126.681,126.714,126.216,126.273,True,14334.0,1610488800.000000000
792,126.299,126.527,125.931,126.328,True,16569.0,1610575200.000000000
793,126.158,126.208,125.404,125.427,True,13701.0,1610661600.000000000
794,125.43,125.494,125.092,125.217,True,11429.0,1610920800.000000000
795,125.224,126.212,125.2,125.962,True,13356.0,1611007200.000000000
796,126.011,126.186,125.272,125.348,True,13437.0,1611093600.000000000
797,125.34,125.97,125.324,125.932,True,14318.0,1611180000.000000000
798,125.938,126.402,125.898,126.313,True,10962.0,1611266400.000000000
799,126.324,126.37,125.812,125.974,True,10350.0,1611525600.000000000
800,125.964,126.162,125.694,126.005,True,10751.0,1611612000.000000000
801,126.011,126.19,125.602,126.102,True,17056.0,1611698400.000000000
802,126.108,126.667,125.994,126.349,True,17024.0,1611784800.000000000
803,126.369,127.346,126.322,127.093,True,19895.0,1611871200.000000000
804,127.125,127.156,126.523,126.531,True,16540.0,1612130400.000000000
805,126.481,126.825,126.268,126.342,True,15072.0,1612216800.000000000
806,126.182,126.549,126.146,126.438,True,11787.0,1612303200.000000000
807,126.414,126.465,126.103,126.152,True,12242.0,1612389600.000000000
808,126.272,127.009,126.168,126.922,True,15102.0,1612476000.000000000
809,126.823,127.128,126.653,126.836,True,14494.0,1612735200.000000000
810,126.789,126.854,126.438,126.813,True,16808.0,1612821600.000000000
811,126.784,127.078,126.615,126.743,True,13465.0,1612908000.000000000
812,126.753,127.164,126.705,127.015,True,7969.0,1612994400.000000000
813,127.048,127.308,126.984,127.172,True,9986.0,1613080800.000000000
814,127.199,127.974,127.197,127.647,True,8766.0,1613340000.000000000
815,127.806,128.399,127.709,128.206,True,13308.0,1613426400.000000000
816,128.378,128.458,127.312,127.542,True,13832.0,1613512800.000000000
817,127.492,127.828,127.332,127.735,True,10875.0,1613599200.000000000
818,127.796,128.184,127.656,127.766,True,11269.0,1613685600.000000000
819,127.718,128.246,127.506,127.756,True,14338.0,1613944800.000000000
820,127.736,128.054,127.655,127.886,True,14106.0,1614031200.000000000
821,127.875,128.901,127.77,128.895,True,17875.0,1614117600.000000000
822,128.837,129.974,128.739,129.315,True,24452.0,1614204000.000000000
823,129.348,129.524,128.563,128.655,True,32592.0,1614290400.000000000
824,128.625,129.142,128.222,128.793,True,17899.0,1614549600.000000000
825,128.595,129.076,128.186,129.006,True,17792.0,1614636000.000000000
826,128.999,129.458,128.74,129.157,True,16694.0,1614722400.000000000
827,129.083,129.638,128.918,129.221,True,18936.0,1614808800.000000000
828,129.227,129.578,128.85,129.128,True,25820.0,1614895200.000000000
829,129.167,129.391,128.78,128.891,True,17038.0,1615154400.000000000
830,129.014,129.546,128.933,128.956,True,17390.0,1615240800.000000000
831,129.068,129.474,128.999,129.473,True,15421.0,1615327200.000000000
832,129.304,130.066,129.234,130.042,True,15697.0,1615413600.000000000
833,130.028,130.392,129.82,130.332,True,14502.0,1615500000.000000000
834,130.17,130.489,129.99,130.235,True,13339.0,1615755600.000000000
835,130.163,130.394,129.492,129.74,True,11969.0,1615842000.000000000
836,129.72,130.444,129.705,130.381,True,13823.0,1615928400.000000000
837,130.355,130.665,129.598,129.723,True,16477.0,1616014800.000000000
838,129.763,129.996,129.32,129.611,True,14118.0,1616101200.000000000
839,129.029,129.94,128.972,129.884,True,11971.0,1616360400.000000000
840,129.874,129.919,128.606,128.663,True,12660.0,1616446800.000000000
841,128.698,128.86,128.294,128.453,True,12566.0,1616533200.000000000
842,128.438,128.944,128.388,128.455,True,13387.0,1616619600.000000000
843,128.461,129.46,128.42,129.358,True,11881.0,1616706000.000000000
844,129.408,129.505,128.834,129.177,True,12499.0,1616965200.000000000
845,129.163,129.55,129.128,129.288,True,11275.0,1617051600.000000000
846,129.315,130.046,129.249,129.875,True,15436.0,1617138000.000000000
847,129.861,130.305,129.653,130.299,True,12372.0,1617224400.000000000
848,130.274,130.385,130.038,130.162,True,10641.0,1617310800.000000000
849,130.061,130.268,129.838,130.193,True,9222.0,1617570000.000000000
850,130.176,130.564,129.814,130.37,True,13830.0,1617656400.000000000
851,130.33,130.686,130.14,130.393,True,13864.0,1617742800.000000000
852,130.373,130.48,129.573,130.124,True,12787.0,1617829200.000000000
853,130.183,130.55,130.054,130.512,True,12624.0,1617915600.000000000
854,130.526,130.61,129.898,130.291,True,10525.0,1618174800.000000000
855,130.27,130.499,129.8,130.315,True,14657.0,1618261200.000000000
856,130.304,130.584,130.033,130.497,True,11831.0,1618347600.000000000
857,130.55,130.558,130.024,130.166,True,11051.0,1618434000.000000000
858,130.174,130.542,129.979,130.37,True,10756.0,1618520400.000000000
859,130.288,130.33,129.7,130.221,True,16233.0,1618779600.000000000
860,130.163,130.972,129.996,130.143,True,15243.0,1618866000.000000000
861,130.081,130.148,129.638,130.055,True,12353.0,1618952400.000000000
862,130.07,130.468,129.674,129.735,True,14727.0,1619038800.000000000
863,129.718,130.564,129.592,130.49,True,13672.0,1619125200.000000000
864,130.576,130.762,130.21,130.618,True,14103.0,1619384400.000000000
865,130.627,131.5,130.57,131.397,True,12243.0,1619470800.000000000
866,131.434,131.819,131.398,131.601,True,15142.0,1619557200.000000000
867,131.693,132.366,131.598,132.056,True,16933.0,1619643600.000000000
868,132.048,132.192,131.378,131.441,True,15226.0,1619730000.000000000
869,131.556,132.163,131.441,131.604,True,13146.0,1619989200.000000000
870,131.617,131.64,131.146,131.411,True,24303.0,1620075600.000000000
871,131.379,131.461,130.985,131.167,True,11780.0,1620162000.000000000
872,131.135,131.85,131.068,131.616,True,15082.0,1620248400.000000000
873,131.547,132.174,131.48,132.083,True,18742.0,1620334800.000000000
874,132.082,132.53,131.911,132.037,True,14250.0,1620594000.000000000
875,131.981,132.471,131.788,131.973,True,16683.0,1620680400.000000000
876,131.984,132.453,131.66,132.394,True,21207.0,1620766800.000000000
877,132.401,132.732,132.036,132.153,True,16620.0,1620853200.000000000
878,132.237,132.846,132.063,132.791,True,12564.0,1620939600.000000000
879,132.712,132.952,132.356,132.617,True,11973.0,1621198800.000000000
880,132.734,133.19,132.642,133.088,True,11931.0,1621285200.000000000
881,133.107,133.44,132.64,132.98,True,18363.0,1621371600.000000000
882,132.956,133.092,132.71,133.023,True,12598.0,1621458000.000000000
883,132.996,133.212,132.536,132.732,True,13342.0,1621544400.000000000
884,132.683,133.044,132.525,132.874,True,11268.0,1621803600.000000000
885,132.856,133.611,132.83,133.277,True,14077.0,1621890000.000000000
886,133.301,133.414,133.0,133.082,True,13297.0,1621976400.000000000
887,133.054,134.056,132.934,133.943,True,14854.0,1622062800.000000000
888,133.909,134.006,133.61,133.952,True,14462.0,1622149200.000000000
889,134.047,134.117,133.662,134.001,True,10850.0,1622408400.000000000
890,133.99,134.126,133.718,133.73,True,12440.0,1622494800.000000000
891,133.713,134.073,133.648,133.794,True,10903.0,1622581200.000000000
892,133.786,133.918,133.628,133.774,True,12676.0,1622667600.000000000
893,133.74,133.814,133.142,133.25,True,14359.0,1622754000.000000000
894,133.203,133.385,132.888,133.176,True,9141.0,1623013200.000000000
895,133.168,133.426,133.136,133.283,True,9847.0,1623099600.000000000
896,133.292,133.626,133.206,133.532,True,8330.0,1623186000.000000000
897,133.525,133.759,133.045,133.116,True,14054.0,1623272400.000000000
898,133.073,133.412,132.668,132.823,True,10002.0,1623358800.000000000
899,132.768,133.438,132.652,133.41,True,8752.0,1623618000.000000000
900,133.39,133.682,133.277,133.461,True,8577.0,1623704400.000000000
901,133.487,133.586,132.69,132.8,True,17342.0,1623790800.000000000
902,132.737,132.876,131.026,131.256,True,18684.0,1623877200.000000000
903,131.241,131.43,130.611,130.788,True,17365.0,1623963600.000000000
904,130.788,131.496,130.044,131.488,True,17137.0,1624222800.000000000
905,131.4,132.196,131.219,132.162,True,13351.0,1624309200.000000000
906,132.081,132.696,132.038,132.332,True,13953.0,1624395600.000000000
907,132.352,132.579,132.119,132.303,True,12139.0,1624482000.000000000
908,132.284,132.454,132.127,132.251,True,11001.0,1624568400.000000000
909,132.22,132.352,131.781,131.906,True,11303.0,1624827600.000000000
910,131.923,131.959,131.281,131.51,True,11495.0,1624914000.000000000
911,131.477,131.78,131.282,131.739,True,14758.0,1625000400.000000000
912,131.748,132.433,131.562,132.158,True,13271.0,1625086800.000000000
913,132.148,132.23,131.679,131.72,True,14319.0,1625173200.000000000
914,131.704,131.867,131.548,131.672,True,13106.0,1625432400.000000000
915,131.631,131.864,130.619,130.788,True,14984.0,1625518800.000000000
916,130.814,131.038,130.429,130.439,True,15689.0,1625605200.000000000
917,130.531,130.556,129.622,130.026,True,22099.0,1625691600.000000000
918,129.973,130.876,129.938,130.769,True,14541.0,1625778000.000000000
919,130.815,130.991,130.454,130.933,True,11905.0,1626037200.000000000
920,130.942,131.087,130.216,130.289,True,14978.0,1626123600.000000000
921,130.3,130.433,130.022,130.148,True,13021.0,1626210000.000000000
922,130.188,130.204,129.612,129.736,True,13240.0,1626296400.000000000
923,129.756,130.283,129.644,129.958,True,12682.0,1626382800.000000000
924,129.982,130.029,128.893,129.142,True,19620.0,1626642000.000000000
925,129.155,129.486,128.598,129.426,True,19333.0,1626728400.000000000
926,129.436,130.188,129.162,130.092,True,13910.0,1626814800.000000000
927,130.078,130.298,129.485,129.67,True,16126.0,1626901200.000000000
928,129.686,130.182,129.475,130.126,True,11703.0,1626987600.000000000
929,130.086,130.349,129.679,130.286,True,13366.0,1627246800.000000000
930,130.302,130.318,129.548,129.732,True,15594.0,1627333200.000000000
931,129.718,130.239,129.626,130.174,True,18235.0,1627419600.000000000
932,130.198,130.566,129.899,130.144,True,13004.0,1627506000.000000000
933,130.151,130.498,130.024,130.186,True,12750.0,1627592400.000000000
934,130.177,130.422,129.604,129.778,True,11590.0,1627851600.000000000
935,129.752,129.868,129.17,129.362,True,11677.0,1627938000.000000000
936,129.416,129.82,129.138,129.604,True,14056.0,1628024400.000000000
937,129.611,130.016,129.565,129.893,True,11299.0,1628110800.000000000
938,129.914,129.966,129.584,129.648,True,11766.0,1628197200.000000000
939,129.783,129.783,129.392,129.489,True,9390.0,1628456400.000000000
940,129.483,129.686,129.405,129.601,True,8817.0,1628542800.000000000
941,129.583,129.804,129.528,129.65,True,9418.0,1628629200.000000000
942,129.618,129.708,129.394,129.544,True,7149.0,1628715600.000000000
943,129.513,129.698,129.238,129.298,True,7580.0,1628802000.000000000
944,129.378,129.434,128.5,128.674,True,10264.0,1629061200.000000000
945,128.715,128.872,128.258,128.31,True,11469.0,1629147600.000000000
946,128.329,128.95,128.224,128.543,True,11643.0,1629234000.000000000
947,128.534,128.706,127.936,128.168,True,16260.0,1629320400.000000000
948,128.138,128.527,127.951,128.448,True,11829.0,1629406800.000000000
949,128.386,129.144,128.359,128.846,True,12908.0,1629666000.000000000
950,128.853,129.034,128.596,128.956,True,9295.0,1629752400.000000000
951,128.887,129.536,128.768,129.483,True,9268.0,1629838800.000000000
952,129.51,129.768,129.23,129.374,True,10774.0,1629925200.000000000
953,129.302,129.752,129.157,129.58,True,12756.0,1630011600.000000000
954,129.597,129.708,129.489,129.676,True,6565.0,1630270800.000000000
955,129.685,130.177,129.596,129.894,True,12352.0,1630357200.000000000
956,129.916,130.453,129.878,130.278,True,10955.0,1630443600.000000000
957,130.288,130.592,130.163,130.548,True,7492.0,1630530000.000000000
958,130.589,130.744,130.188,130.304,True,13359.0,1630616400.000000000
959,130.317,130.502,130.251,130.393,True,6127.0,1630875600.000000000
960,130.416,130.66,130.296,130.604,True,10167.0,1630962000.000000000
961,130.543,130.698,130.176,130.282,True,10361.0,1631048400.000000000
962,130.248,130.332,129.668,129.753,True,11586.0,1631134800.000000000
963,129.76,130.278,129.688,129.818,True,9420.0,1631221200.000000000
964,129.858,129.949,129.59,129.913,True,9161.0,1631480400.000000000
965,129.907,130.198,129.368,129.484,True,11015.0,1631566800.000000000
966,129.512,129.549,129.061,129.228,True,11782.0,1631653200.000000000
967,129.244,129.36,128.61,129.156,True,11135.0,1631739600.000000000
968,129.126,129.674,128.909,128.959,True,10973.0,1631826000.000000000
969,128.986,129.092,128.144,128.286,True,12764.0,1632085200.000000000
970,128.252,128.704,127.997,128.074,True,13900.0,1632171600.000000000
971,128.087,128.778,127.932,128.344,True,19975.0,1632258000.000000000
972,128.332,129.544,128.316,129.516,True,14231.0,1632344400.000000000
973,129.454,129.847,129.388,129.806,True,11014.0,1632430800.000000000
974,129.803,129.934,129.484,129.83,True,12845.0,1632690000.000000000
975,129.874,130.381,129.67,130.28,True,17305.0,1632776400.000000000
976,130.274,130.475,129.679,129.856,True,17426.0,1632862800.000000000
977,129.848,129.963,128.792,128.838,True,17978.0,1632949200.000000000
978,128.893,129.048,128.552,128.776,True,18953.0,1633035600.000000000
979,128.605,129.38,128.605,128.922,True,15437.0,1633294800.000000000
980,128.873,129.39,128.76,129.282,True,14164.0,1633381200.000000000
981,129.306,129.5,128.337,128.729,True,18049.0,1633467600.000000000
982,128.736,129.03,128.632,128.972,True,11289.0,1633554000.000000000
983,128.979,129.91,128.928,129.886,True,14642.0,1633640400.000000000
984,129.809,131.226,129.659,130.931,True,13503.0,1633899600.000000000
985,130.901,131.275,130.746,130.992,True,16672.0,1633986000.000000000
986,130.985,131.465,130.884,131.326,True,15908.0,1634072400.000000000
987,131.278,131.859,131.266,131.838,True,11731.0,1634158800.000000000
988,131.822,132.776,131.822,132.528,True,15454.0,1634245200.000000000
989,132.469,132.788,132.15,132.738,True,16818.0,1634504400.000000000
990,132.714,133.191,132.623,133.053,True,13986.0,1634590800.000000000
991,133.036,133.478,132.738,133.21,True,14094.0,1634677200.000000000
992,133.131,133.372,132.263,132.524,True,16107.0,1634763600.000000000
993,132.474,132.794,131.922,132.182,True,16154.0,1634850000.000000000
994,132.201,132.6,131.868,132.03,True,14487.0,1635109200.000000000
995,131.99,132.668,131.964,132.38,True,11995.0,1635195600.000000000
996,132.323,132.526,131.582,132.054,True,17635.0,1635282000.000000000
997,132.097,132.7,131.56,132.679,True,22524.0,1635368400.000000000
998,132.666,132.918,132.405,132.61,False,9715.0,1635454800.000000000
